{
    "providers": [{
            "type": "bitmap",
            "file": "minecraft:thirst/full.png",
            "ascent": 2,
            "height": 22,
            "chars": [
                "\uE000"
            ]
        }, {
            "type": "bitmap",
            "file": "minecraft:thirst/half.png",
            "ascent": 2,
            "height": 22,
            "chars": [
                "\uE001"
            ]
        }, {
            "type": "bitmap",
            "file": "minecraft:thirst/empty.png",
            "ascent": 2,
            "height": 22,
            "chars": [
                "\uE002"
            ]
        }
    ]
}
